File,UP,DOWN,FPS
00:00:54.431.mp4,0,2,82.92306071247683
00:04:09.367.mp4,0,3,78.5593644854591
00:02:22.882.mp4,0,1,76.25668140772183
