File,UP,DOWN,FPS
00:08:45.578.mp4,1,0,27.65031356471525
00:09:34.084.mp4,0,2,28.028103963143682
00:17:10.535.mp4,1,2,22.726299664271647
00:12:19.952.mp4,0,3,25.244984221392883
00:09:38.088.mp4,12,0,21.852925312332633
00:15:44.934.mp4,1,1,21.69602944535667
00:12:29.397.mp4,4,10,22.574980129626834
