File,UP,DOWN,FPS
00:00:54.431.mp4,0,1,94.86173763371974
00:04:09.367.mp4,0,1,96.69468468667458
00:02:22.882.mp4,0,1,95.7048736840881
