File,UP,DOWN,FPS
00:00:54.431.mp4,0,0,92.66740077525729
00:04:09.367.mp4,0,2,93.55776267746671
00:02:22.882.mp4,0,0,98.62593658876153
