File,UP,DOWN,FPS
00:00:54.431.mp4,0,1,116.3565823453053
00:04:09.367.mp4,0,2,116.61797739108621
00:02:22.882.mp4,0,1,114.08571197795295
